<?xml version="1.0" encoding="UTF-8"?>
<con:soapui-project id="359034f4-aa45-404a-9c85-46856cb78211" activeEnvironment="Default" name="REST Project 1" resourceRoot="${projectDir}" soapui-version="5.7.0" abortOnError="false" runType="SEQUENTIAL" xmlns:con="http://eviware.com/soapui/config"><con:settings/><con:interface xsi:type="con:RestService" id="310a2199-17fc-4d59-bdbd-4238ca0ec527" wadlVersion="http://wadl.dev.java.net/2009/02" name="http://151.80.70.42:3000" type="rest" xmlns:xsi="http://www.w3.org/2001/XMLSchema-instance"><con:settings/><con:definitionCache type="TEXT" rootPart=""/><con:endpoints><con:endpoint>http://151.80.70.42:3000</con:endpoint></con:endpoints><con:resource name="api" path="/api" id="8ac83287-1da2-4073-938f-b031a8694035"><con:settings/><con:parameters/><con:resource name="users" path="users" id="9cf27af1-3b3a-43b2-85a4-4311f6ee6c66"><con:settings/><con:parameters/><con:resource name="userid" path="{userid}" id="97835c2a-ff18-4c28-a673-4ed5723cfa4a"><con:settings/><con:parameters><con:parameter><con:name>userid</con:name><con:value/><con:style>TEMPLATE</con:style><con:default/><con:description xsi:nil="true"/></con:parameter></con:parameters><con:method name="DeleteUser" id="eba8d029-e37c-49a4-a56d-7ecfc4b9288f" method="DELETE"><con:settings/><con:parameters/><con:representation type="REQUEST"><con:mediaType>application/json</con:mediaType><con:params/></con:representation><con:representation type="RESPONSE"><con:mediaType xsi:nil="true"/><con:status>204</con:status><con:params/><con:element>data</con:element></con:representation><con:representation type="RESPONSE"><con:mediaType xsi:nil="true"/><con:status>204</con:status><con:params/><con:element>data</con:element></con:representation><con:representation type="RESPONSE"><con:mediaType xsi:nil="true"/><con:status>204</con:status><con:params/><con:element>data</con:element></con:representation><con:representation type="RESPONSE"><con:mediaType xsi:nil="true"/><con:status>204</con:status><con:params/><con:element>data</con:element></con:representation><con:representation type="RESPONSE"><con:mediaType xsi:nil="true"/><con:status>204</con:status><con:params/><con:element>data</con:element></con:representation><con:request name="Request 1" id="6f327aa9-d5e1-430c-b5a8-0b7a8df3bfc1" mediaType="application/json" postQueryString="false"><con:settings><con:setting id="com.eviware.soapui.impl.wsdl.WsdlRequest@request-headers">&lt;xml-fragment/></con:setting></con:settings><con:endpoint>http://151.80.70.42:3000</con:endpoint><con:request/><con:credentials><con:authType>No Authorization</con:authType></con:credentials><con:jmsConfig JMSDeliveryMode="PERSISTENT"/><con:jmsPropertyConfig/><con:parameters/><con:parameterOrder><con:entry>userid</con:entry></con:parameterOrder></con:request></con:method><con:method name="GetUserAfterDelete" id="0fd46a9a-701e-4ea3-bba1-133903fcd6bc" method="GET"><con:settings/><con:parameters/><con:representation type="RESPONSE"><con:mediaType>application/json; charset=utf-8</con:mediaType><con:status>200</con:status><con:params/><con:element>Response</con:element></con:representation><con:request name="Request 1" id="a43f44d9-7c60-462d-8cf3-ef94989eca04" mediaType="application/json" postQueryString="false"><con:settings/><con:endpoint>http://151.80.70.42:3000</con:endpoint><con:request/><con:credentials><con:authType>No Authorization</con:authType></con:credentials><con:jmsConfig JMSDeliveryMode="PERSISTENT"/><con:jmsPropertyConfig/><con:parameters/></con:request></con:method></con:resource><con:method name="CreateUser" id="89a2e326-fce5-4f31-a64b-ee05e23affe5" method="POST"><con:settings/><con:parameters/><con:representation type="RESPONSE"><con:mediaType>application/json; charset=utf-8</con:mediaType><con:status>200</con:status><con:params/><con:element xmlns:user="http://151.80.70.42/api/users">user:Response</con:element></con:representation><con:representation type="REQUEST"><con:mediaType>application/json</con:mediaType><con:params/></con:representation><con:request name="Request 1" id="79a78777-997b-4eb9-904f-118cac44d875" mediaType="application/json" postQueryString="false"><con:settings><con:setting id="com.eviware.soapui.impl.wsdl.WsdlRequest@request-headers">&lt;xml-fragment/></con:setting></con:settings><con:endpoint>http://151.80.70.42:3000</con:endpoint><con:request/><con:credentials><con:authType>No Authorization</con:authType></con:credentials><con:jmsConfig JMSDeliveryMode="PERSISTENT"/><con:jmsPropertyConfig/><con:parameters/></con:request></con:method><con:method name="GetUsers" id="18ccb4d5-8386-431b-aef1-bd04c6bbc2cf" method="GET"><con:settings/><con:parameters/><con:representation type="RESPONSE"><con:mediaType>application/json; charset=utf-8</con:mediaType><con:status>200</con:status><con:params/><con:element>Response</con:element></con:representation><con:request name="Request 1" id="f23e696a-b489-4e42-a717-174d51aa8814" mediaType="application/json"><con:settings/><con:endpoint>http://151.80.70.42:3000</con:endpoint><con:request/><con:credentials><con:authType>No Authorization</con:authType></con:credentials><con:jmsConfig JMSDeliveryMode="PERSISTENT"/><con:jmsPropertyConfig/><con:parameters/></con:request></con:method></con:resource></con:resource></con:interface><con:testSuite id="02090027-0833-41be-8256-c0d01bde5b3e" name="UserTests"><con:settings/><con:runType>SEQUENTIAL</con:runType><con:testCase id="1006112a-188b-43fd-828d-690877438a58" failOnError="true" failTestCaseOnErrors="true" keepSession="false" maxResults="0" name="CreateEditDeleteUser" searchProperties="true"><con:settings/><con:testStep type="properties" name="TestData" id="4db24a79-de98-4e8c-bf5e-f1645f952378"><con:settings/><con:config xsi:type="con:PropertiesStep" saveFirst="true" xmlns:xsi="http://www.w3.org/2001/XMLSchema-instance"><con:properties><con:property><con:name>USERID</con:name><con:value>77</con:value></con:property><con:property><con:name>USERPHONE</con:name><con:value>1654006559276</con:value></con:property><con:property><con:name>USERNAME</con:name><con:value>78d466e8-0c5f-44e8-b6de-763ff7d92883</con:value></con:property></con:properties></con:config></con:testStep><con:testStep type="restrequest" name="CreateUser" id="cac14efc-0b29-4327-931f-7e6cf44afb71"><con:settings/><con:config service="http://151.80.70.42:3000" resourcePath="/api/users" methodName="CreateUser" xsi:type="con:RestRequestStep" xmlns:xsi="http://www.w3.org/2001/XMLSchema-instance"><con:restRequest name="CreateUser" id="79a78777-997b-4eb9-904f-118cac44d875" mediaType="application/json" postQueryString="false"><con:settings><con:setting id="com.eviware.soapui.impl.wsdl.WsdlRequest@request-headers">&lt;xml-fragment/></con:setting></con:settings><con:endpoint>http://151.80.70.42:3000</con:endpoint><con:request>{
    "name": "${=java.util.UUID.randomUUID()}",
    "phone": "${=System.currentTimeMillis()}",
    "role": "Student"
}
</con:request><con:originalUri>http://151.80.70.42/api/users</con:originalUri><con:assertion type="Valid HTTP Status Codes" id="284464b6-a29b-4851-8e28-5cbd1ac644cd" name="Valid HTTP Status Codes"><con:configuration><codes>200</codes></con:configuration></con:assertion><con:assertion type="JsonPath Match" id="173815ff-00e7-462e-b596-1bfe486b75c8" name="JsonPath Match"><con:configuration><path>role</path><content>Student</content><allowWildcards>false</allowWildcards><ignoreNamspaceDifferences>false</ignoreNamspaceDifferences><ignoreComments>false</ignoreComments></con:configuration></con:assertion><con:credentials><con:authType>No Authorization</con:authType></con:credentials><con:jmsConfig JMSDeliveryMode="PERSISTENT"/><con:jmsPropertyConfig/><con:parameters/></con:restRequest></con:config></con:testStep><con:testStep type="transfer" name="UserDataTransfer" id="4390e9fa-5b22-4f47-98cd-b1dcbbabf800"><con:settings/><con:config xsi:type="con:PropertyTransfersStep" xmlns:xsi="http://www.w3.org/2001/XMLSchema-instance"><con:transfers setNullOnMissingSource="true" transferTextContent="true" failOnError="true" ignoreEmpty="false" transferToAll="false" entitize="false" transferChildNodes="false"><con:name>id</con:name><con:sourceType>Response</con:sourceType><con:sourceStep>CreateUser</con:sourceStep><con:sourcePath>id</con:sourcePath><con:targetType>USERID</con:targetType><con:targetStep>TestData</con:targetStep><con:type>JSONPATH</con:type><con:targetTransferType>JSONPATH</con:targetTransferType><con:upgraded>true</con:upgraded></con:transfers><con:transfers setNullOnMissingSource="true" transferTextContent="true" failOnError="true" ignoreEmpty="false" transferToAll="false" entitize="false" transferChildNodes="false"><con:name>name</con:name><con:sourceType>Response</con:sourceType><con:sourceStep>CreateUser</con:sourceStep><con:sourcePath>name</con:sourcePath><con:targetType>USERNAME</con:targetType><con:targetStep>TestData</con:targetStep><con:type>JSONPATH</con:type><con:targetTransferType>JSONPATH</con:targetTransferType><con:upgraded>true</con:upgraded></con:transfers><con:transfers setNullOnMissingSource="true" transferTextContent="true" failOnError="true" ignoreEmpty="false" transferToAll="false" entitize="false" transferChildNodes="false"><con:name>phone</con:name><con:sourceType>Response</con:sourceType><con:sourceStep>CreateUser</con:sourceStep><con:sourcePath>phone</con:sourcePath><con:targetType>USERPHONE</con:targetType><con:targetStep>TestData</con:targetStep><con:type>JSONPATH</con:type><con:targetTransferType>JSONPATH</con:targetTransferType><con:upgraded>true</con:upgraded></con:transfers></con:config></con:testStep><con:testStep type="restrequest" name="GetUsersAfterCreate" id="2a69ef61-4de8-4c2c-9bc4-5ecab071a5fc"><con:settings/><con:config service="http://151.80.70.42:3000" resourcePath="/api/users" methodName="GetUsers" xsi:type="con:RestRequestStep" xmlns:xsi="http://www.w3.org/2001/XMLSchema-instance"><con:restRequest name="GetUsersAfterCreate" id="f23e696a-b489-4e42-a717-174d51aa8814" mediaType="application/json"><con:settings><con:setting id="com.eviware.soapui.impl.wsdl.WsdlRequest@request-headers">&lt;xml-fragment/></con:setting></con:settings><con:endpoint>http://151.80.70.42:3000</con:endpoint><con:request/><con:originalUri>http://151.80.70.42/api/users</con:originalUri><con:assertion type="Valid HTTP Status Codes" id="b5104dbd-0135-4ec1-a7e5-adc862bb40fe" name="Valid HTTP Status Codes"><con:configuration><codes>200</codes></con:configuration></con:assertion><con:assertion type="GroovyScriptAssertion" id="ad20b7ba-91e5-45d0-8021-aea7424361cf" name="Script Assertion"><con:configuration><scriptText>response = messageExchange.getResponseContent()
responseJson = new groovy.json.JsonSlurper().parseText(response)

id = context.getTestCase().getTestStepByName("TestData").getPropertyValue("USERID") as Integer
name = context.getTestCase().getTestStepByName("TestData").getPropertyValue("USERNAME")
phone = context.getTestCase().getTestStepByName("TestData").getPropertyValue("USERPHONE")

//log.info context.expand('${#CreateEditDeleteUser#TestData}').getPropertyValue("USERID")

isCreated = false

for (i = 0; i &lt; responseJson.size(); i = i + 1) {
	log.info "----------------"
	log.info responseJson[i].id.getClass()
	log.info id.getClass()
	log.info responseJson[i].id == id
	if (responseJson[i].id == id &amp;&amp; responseJson[i].name == name &amp;&amp; responseJson[i].phone == phone) {
		isCreated = true
	}
}

assert isCreated == true</scriptText></con:configuration></con:assertion><con:credentials><con:authType>No Authorization</con:authType></con:credentials><con:jmsConfig JMSDeliveryMode="PERSISTENT"/><con:jmsPropertyConfig/><con:parameters/></con:restRequest></con:config></con:testStep><con:testStep type="restrequest" name="DeleteUser" id="bcd27045-df19-4c0e-aa0d-19341b1dce3d"><con:settings/><con:config service="http://151.80.70.42:3000" resourcePath="/api/users/{userid}" methodName="DeleteUser" xsi:type="con:RestRequestStep" xmlns:xsi="http://www.w3.org/2001/XMLSchema-instance"><con:restRequest name="DeleteUser" id="6f327aa9-d5e1-430c-b5a8-0b7a8df3bfc1" mediaType="application/json" postQueryString="false"><con:settings><con:setting id="com.eviware.soapui.impl.wsdl.WsdlRequest@request-headers">&lt;xml-fragment/></con:setting></con:settings><con:endpoint>http://151.80.70.42:3000</con:endpoint><con:request/><con:originalUri>http://151.80.70.42/api/users/</con:originalUri><con:assertion type="Valid HTTP Status Codes" id="25b76296-4c9d-4c9e-be32-7796f0227b6b" name="Valid HTTP Status Codes"><con:configuration><codes>204</codes></con:configuration></con:assertion><con:credentials><con:authType>No Authorization</con:authType></con:credentials><con:jmsConfig JMSDeliveryMode="PERSISTENT"/><con:jmsPropertyConfig/><con:parameters/><con:parameterOrder><con:entry>userid</con:entry></con:parameterOrder></con:restRequest></con:config></con:testStep><con:testStep type="restrequest" name="GetUserAfterDelete" id="816d67c4-6c64-4a5d-89c8-7569f9c4dac7"><con:settings/><con:config service="http://151.80.70.42:3000" resourcePath="/api/users/{userid}" methodName="GetUserAfterDelete" xsi:type="con:RestRequestStep" xmlns:xsi="http://www.w3.org/2001/XMLSchema-instance"><con:restRequest name="GetUserAfterDelete" id="a43f44d9-7c60-462d-8cf3-ef94989eca04" mediaType="application/json" postQueryString="false"><con:settings><con:setting id="com.eviware.soapui.impl.wsdl.WsdlRequest@request-headers">&lt;xml-fragment/></con:setting></con:settings><con:endpoint>http://151.80.70.42:3000</con:endpoint><con:request/><con:originalUri>http://151.80.70.42/api/users/</con:originalUri><con:assertion type="Valid HTTP Status Codes" id="92fb23aa-b2d9-41d0-be54-993396d600d4" name="Valid HTTP Status Codes"><con:configuration><codes>200</codes></con:configuration></con:assertion><con:assertion type="GroovyScriptAssertion" id="42f0f7bd-eded-478b-97b1-e5d392ef7ce9" name="Script Assertion"><con:configuration><scriptText>response = messageExchange.getResponseContent()
responseJson = new groovy.json.JsonSlurper().parseText(response)

id = context.getTestCase().getTestStepByName("TestData").getPropertyValue("USERID") as Integer
name = context.getTestCase().getTestStepByName("TestData").getPropertyValue("USERNAME")
phone = context.getTestCase().getTestStepByName("TestData").getPropertyValue("USERPHONE")

//log.info context.expand('${#CreateEditDeleteUser#TestData}').getPropertyValue("USERID")

isCreated = true

for (i = 0; i &lt; responseJson.size(); i = i + 1) {
	log.info "----------------"
	log.info responseJson[i].id.getClass()
	log.info id.getClass()
	log.info responseJson[i].id == id
	if (responseJson[i].id == id &amp;&amp; responseJson[i].name == name &amp;&amp; responseJson[i].phone == phone) {
		isCreated = false
	}
}

assert isCreated == true</scriptText></con:configuration></con:assertion><con:credentials><con:authType>No Authorization</con:authType></con:credentials><con:jmsConfig JMSDeliveryMode="PERSISTENT"/><con:jmsPropertyConfig/><con:parameters/></con:restRequest></con:config></con:testStep><con:properties/></con:testCase><con:properties/></con:testSuite><con:properties/><con:wssContainer/><con:oAuth2ProfileContainer/><con:oAuth1ProfileContainer/><con:sensitiveInformation/></con:soapui-project>